{
  "accuracy": [
    0.9813804030418396,
    0.9820224642753601,
    0.9868378639221191,
    0.9817014336585999,
    0.9807383418083191,
    0.9858747720718384,
    0.9836276173591614,
    0.9865168333053589,
    0.9833065867424011,
    0.9852327704429626
  ],
  "loss": [
    0.05311701074242592,
    0.052995771169662476,
    0.04503181576728821,
    0.049873389303684235,
    0.05036624148488045,
    0.04056555777788162,
    0.04593044891953468,
    0.04097829759120941,
    0.049620620906353,
    0.03773675113916397
  ],
  "top5_accuracy": [
    1.0,
    1.0,
    1.0,
    1.0,
    1.0,
    1.0,
    1.0,
    1.0,
    1.0,
    1.0
  ],
  "val_accuracy": [
    0.9658119678497314,
    0.9686609506607056,
    0.9743589758872986,
    0.9743589758872986,
    0.9686609506607056,
    0.9686609506607056,
    0.9715099930763245,
    0.9715099930763245,
    0.9743589758872986,
    0.9686609506607056
  ],
  "val_loss": [
    0.09888612478971481,
    0.09611331671476364,
    0.09482283145189285,
    0.09319767355918884,
    0.09495043754577637,
    0.09237225353717804,
    0.09332963079214096,
    0.08986064791679382,
    0.08874304592609406,
    0.09054085612297058
  ],
  "val_top5_accuracy": [
    1.0,
    1.0,
    1.0,
    1.0,
    1.0,
    1.0,
    1.0,
    1.0,
    1.0,
    1.0
  ]
}