{
  "accuracy": [
    0.6410914659500122,
    0.8118780255317688,
    0.8645265102386475,
    0.8940609693527222,
    0.9184590578079224,
    0.9216693639755249,
    0.9271268248558044,
    0.9171749353408813,
    0.9418940544128418,
    0.9573033452033997
  ],
  "loss": [
    1.3456283807754517,
    0.5730974078178406,
    0.41374093294143677,
    0.31901809573173523,
    0.22602048516273499,
    0.22214862704277039,
    0.2030174881219864,
    0.2313605546951294,
    0.15756820142269135,
    0.12026789784431458
  ],
  "top5_accuracy": [
    0.8844301700592041,
    0.9788122177124023,
    0.9884430170059204,
    0.9967897534370422,
    0.9990369081497192,
    0.9993579387664795,
    0.9990369081497192,
    0.9983948469161987,
    0.9996789693832397,
    1.0
  ],
  "val_accuracy": [
    0.9173789024353027,
    0.9088318943977356,
    0.9287749528884888,
    0.9487179517745972,
    0.9544159770011902,
    0.94017094373703,
    0.9202279448509216,
    0.9173789024353027,
    0.9601139426231384,
    0.9601139426231384
  ],
  "val_loss": [
    0.4560402035713196,
    0.27107954025268555,
    0.21213103830814362,
    0.17273961007595062,
    0.1723657101392746,
    0.2329740673303604,
    0.27267196774482727,
    0.296886682510376,
    0.20607204735279083,
    0.20532619953155518
  ],
  "val_top5_accuracy": [
    0.994301974773407,
    0.994301974773407,
    0.994301974773407,
    0.994301974773407,
    0.9914529919624329,
    0.9886040091514587,
    0.9886040091514587,
    0.9857549667358398,
    0.9857549667358398,
    0.9914529919624329
  ],
  "learning_rate": [
    0.0010000000474974513,
    0.0010000000474974513,
    0.0010000000474974513,
    0.0010000000474974513,
    0.0010000000474974513,
    0.0010000000474974513,
    0.0010000000474974513,
    0.0010000000474974513,
    0.0005000000237487257,
    0.0005000000237487257
  ]
}