{
  "accuracy": [
    0.5611556768417358,
    0.7849116921424866,
    0.8426966071128845,
    0.8719100952148438,
    0.8860353231430054,
    0.9017656445503235,
    0.9133226275444031,
    0.9239165186882019,
    0.9280899167060852,
    0.9306581020355225,
    0.9438202381134033,
    0.9479935765266418,
    0.9605136513710022,
    0.9521669149398804,
    0.9611557126045227,
    0.9672552347183228,
    0.9634028673171997,
    0.9579454064369202,
    0.9630818367004395,
    0.9704654812812805,
    0.9672552347183228,
    0.966292142868042,
    0.967576265335083,
    0.9720706343650818,
    0.9730337262153625,
    0.9749598503112793
  ],
  "loss": [
    1.608221411705017,
    0.6914049983024597,
    0.5074160695075989,
    0.3968954086303711,
    0.3324418067932129,
    0.28278061747550964,
    0.24824729561805725,
    0.21488240361213684,
    0.20271995663642883,
    0.18894313275814056,
    0.15923075377941132,
    0.13983863592147827,
    0.12250910699367523,
    0.13824215531349182,
    0.11962458491325378,
    0.10232024639844894,
    0.10521738231182098,
    0.10905799269676208,
    0.10506262630224228,
    0.09605623036623001,
    0.09501475840806961,
    0.09570122510194778,
    0.09805707633495331,
    0.08613171428442001,
    0.08637889474630356,
    0.07768657058477402
  ],
  "top5_accuracy": [
    0.8208667635917664,
    0.9678972959518433,
    0.9842696785926819,
    0.9897271394729614,
    0.9961476922035217,
    0.996468722820282,
    0.998715877532959,
    0.9983948469161987,
    0.9977527856826782,
    0.9996789693832397,
    0.9996789693832397,
    1.0,
    0.998715877532959,
    0.9996789693832397,
    1.0,
    1.0,
    0.9996789693832397,
    1.0,
    1.0,
    1.0,
    1.0,
    1.0,
    1.0,
    1.0,
    1.0,
    1.0
  ],
  "val_accuracy": [
    0.9059829115867615,
    0.9287749528884888,
    0.9316239356994629,
    0.945868968963623,
    0.9544159770011902,
    0.9544159770011902,
    0.9572649598121643,
    0.9629629850387573,
    0.9544159770011902,
    0.9544159770011902,
    0.9601139426231384,
    0.9601139426231384,
    0.9658119678497314,
    0.9629629850387573,
    0.9544159770011902,
    0.9658119678497314,
    0.9601139426231384,
    0.9686609506607056,
    0.9629629850387573,
    0.9715099930763245,
    0.9715099930763245,
    0.9743589758872986,
    0.9686609506607056,
    0.9715099930763245,
    0.9715099930763245,
    0.9686609506607056
  ],
  "val_loss": [
    0.49201008677482605,
    0.21290048956871033,
    0.17505744099617004,
    0.14618974924087524,
    0.14191526174545288,
    0.11832219362258911,
    0.11462289094924927,
    0.12839606404304504,
    0.1372978389263153,
    0.13261616230010986,
    0.11649589985609055,
    0.10245810449123383,
    0.10920131951570511,
    0.1078328862786293,
    0.10934512317180634,
    0.10259221494197845,
    0.1020708978176117,
    0.09989941120147705,
    0.10284862667322159,
    0.09552828222513199,
    0.09547266364097595,
    0.09587841480970383,
    0.09994995594024658,
    0.09550400823354721,
    0.10040148347616196,
    0.10296613723039627
  ],
  "val_top5_accuracy": [
    0.9914529919624329,
    1.0,
    1.0,
    1.0,
    1.0,
    1.0,
    1.0,
    0.9971510171890259,
    1.0,
    0.9971510171890259,
    1.0,
    1.0,
    1.0,
    1.0,
    1.0,
    1.0,
    1.0,
    1.0,
    1.0,
    1.0,
    1.0,
    1.0,
    1.0,
    1.0,
    1.0,
    1.0
  ],
  "learning_rate": [
    0.0003000000142492354,
    0.0003000000142492354,
    0.0003000000142492354,
    0.0003000000142492354,
    0.0003000000142492354,
    0.0003000000142492354,
    0.0003000000142492354,
    0.0003000000142492354,
    0.0003000000142492354,
    0.0003000000142492354,
    0.0001500000071246177,
    0.0001500000071246177,
    0.0001500000071246177,
    0.0001500000071246177,
    0.0001500000071246177,
    7.500000356230885e-05,
    7.500000356230885e-05,
    7.500000356230885e-05,
    7.500000356230885e-05,
    7.500000356230885e-05,
    7.500000356230885e-05,
    7.500000356230885e-05,
    7.500000356230885e-05,
    3.7500001781154424e-05,
    3.7500001781154424e-05,
    3.7500001781154424e-05
  ]
}