{
  "accuracy": [
    0.5528090000152588,
    0.7820224761962891,
    0.8356340527534485,
    0.8626003265380859,
    0.8869984149932861,
    0.8979133367538452,
    0.9146067500114441,
    0.9187800884246826,
    0.927768886089325,
    0.9335473775863647,
    0.9402889013290405,
    0.937399685382843,
    0.9502407908439636,
    0.9454253315925598,
    0.9463884234428406,
    0.9560192823410034,
    0.9524879455566406,
    0.96372389793396,
    0.9691813588142395
  ],
  "loss": [
    1.6528106927871704,
    0.6893615126609802,
    0.5203605890274048,
    0.40849390625953674,
    0.3264215290546417,
    0.28326961398124695,
    0.26224955916404724,
    0.23274895548820496,
    0.20025701820850372,
    0.17960642278194427,
    0.16540279984474182,
    0.17161402106285095,
    0.14461009204387665,
    0.15206030011177063,
    0.14735978841781616,
    0.13308072090148926,
    0.11937407404184341,
    0.1037321388721466,
    0.09311743080615997
  ],
  "top5_accuracy": [
    0.8131621479988098,
    0.9695023894309998,
    0.9810593724250793,
    0.9900481700897217,
    0.9967897534370422,
    0.998715877532959,
    0.9980738162994385,
    0.997431755065918,
    0.9990369081497192,
    0.9993579387664795,
    0.9993579387664795,
    0.9993579387664795,
    0.9990369081497192,
    0.9993579387664795,
    0.9996789693832397,
    1.0,
    0.9990369081497192,
    1.0,
    1.0
  ],
  "val_accuracy": [
    0.8860399127006531,
    0.9259259104728699,
    0.9287749528884888,
    0.9287749528884888,
    0.9601139426231384,
    0.9686609506607056,
    0.9601139426231384,
    0.9544159770011902,
    0.9572649598121643,
    0.9487179517745972,
    0.9515669345855713,
    0.9658119678497314,
    0.9515669345855713,
    0.9686609506607056,
    0.9601139426231384,
    0.9544159770011902,
    0.9601139426231384,
    0.9601139426231384,
    0.9601139426231384
  ],
  "val_loss": [
    0.5081446766853333,
    0.22765393555164337,
    0.18597464263439178,
    0.19962012767791748,
    0.14695709943771362,
    0.1396123170852661,
    0.14964137971401215,
    0.14959652721881866,
    0.13170041143894196,
    0.16097956895828247,
    0.12374802678823471,
    0.12570564448833466,
    0.16074810922145844,
    0.12000130861997604,
    0.12307386845350266,
    0.14987264573574066,
    0.13754816353321075,
    0.12679442763328552,
    0.13462238013744354
  ],
  "val_top5_accuracy": [
    0.9914529919624329,
    0.9914529919624329,
    0.994301974773407,
    0.994301974773407,
    0.994301974773407,
    0.994301974773407,
    0.994301974773407,
    0.9914529919624329,
    0.994301974773407,
    0.9971510171890259,
    0.994301974773407,
    0.994301974773407,
    0.994301974773407,
    0.994301974773407,
    0.9971510171890259,
    0.9971510171890259,
    0.9971510171890259,
    0.9971510171890259,
    0.9914529919624329
  ],
  "learning_rate": [
    0.0003000000142492354,
    0.0003000000142492354,
    0.0003000000142492354,
    0.0003000000142492354,
    0.0003000000142492354,
    0.0003000000142492354,
    0.0003000000142492354,
    0.0003000000142492354,
    0.0003000000142492354,
    0.0003000000142492354,
    0.0003000000142492354,
    0.0003000000142492354,
    0.0003000000142492354,
    0.0003000000142492354,
    0.0003000000142492354,
    0.0003000000142492354,
    0.0003000000142492354,
    0.0001500000071246177,
    0.0001500000071246177
  ]
}