{
  "accuracy": [
    0.2757624387741089,
    0.6260032057762146,
    0.7300160527229309,
    0.7797752618789673,
    0.8057785034179688,
    0.8157303333282471,
    0.8481540679931641,
    0.8597110509872437,
    0.8725521564483643,
    0.8677367568016052,
    0.8918138146400452,
    0.8876404762268066,
    0.8979133367538452,
    0.9133226275444031,
    0.9107544422149658,
    0.9146067500114441,
    0.9258427023887634,
    0.9271268248558044,
    0.9290529489517212,
    0.931300163269043,
    0.9463884234428406,
    0.9367576241493225,
    0.9412519931793213,
    0.9441412687301636,
    0.9444622993469238,
    0.9534510374069214,
    0.9502407908439636,
    0.9553772211074829,
    0.9544141292572021,
    0.9643659591674805
  ],
  "loss": [
    2.834857225418091,
    1.3714803457260132,
    0.956419050693512,
    0.7689086198806763,
    0.6642481684684753,
    0.5765107870101929,
    0.5117969512939453,
    0.4683206081390381,
    0.4190045893192291,
    0.39535823464393616,
    0.346383661031723,
    0.33945998549461365,
    0.31980136036872864,
    0.295737087726593,
    0.27489688992500305,
    0.2570473849773407,
    0.23038052022457123,
    0.22267447412014008,
    0.21541856229305267,
    0.210873544216156,
    0.18897105753421783,
    0.1922503560781479,
    0.17669881880283356,
    0.17520444095134735,
    0.17083518207073212,
    0.15471258759498596,
    0.14382563531398773,
    0.1472768634557724,
    0.1430198699235916,
    0.12186164408922195
  ],
  "top5_accuracy": [
    0.5621187686920166,
    0.8991974592208862,
    0.9505618214607239,
    0.9659711122512817,
    0.972391664981842,
    0.9794542789459229,
    0.9833065867424011,
    0.9842696785926819,
    0.9900481700897217,
    0.9913322925567627,
    0.9939004778862,
    0.9945425391197205,
    0.9942215085029602,
    0.9967897534370422,
    0.997431755065918,
    0.998715877532959,
    0.9990369081497192,
    0.9990369081497192,
    0.998715877532959,
    0.9990369081497192,
    0.9980738162994385,
    0.9990369081497192,
    0.9993579387664795,
    0.9996789693832397,
    0.9996789693832397,
    1.0,
    0.9996789693832397,
    0.9993579387664795,
    0.9993579387664795,
    0.9996789693832397
  ],
  "val_accuracy": [
    0.752136766910553,
    0.8603988885879517,
    0.8774929046630859,
    0.9002848863601685,
    0.9173789024353027,
    0.9316239356994629,
    0.9373219609260559,
    0.94017094373703,
    0.934472918510437,
    0.9487179517745972,
    0.9487179517745972,
    0.9430199265480042,
    0.9572649598121643,
    0.945868968963623,
    0.9544159770011902,
    0.9515669345855713,
    0.945868968963623,
    0.9515669345855713,
    0.9515669345855713,
    0.9544159770011902,
    0.9572649598121643,
    0.9487179517745972,
    0.9572649598121643,
    0.9515669345855713,
    0.9601139426231384,
    0.9601139426231384,
    0.9629629850387573,
    0.9629629850387573,
    0.9572649598121643,
    0.9572649598121643
  ],
  "val_loss": [
    1.9147086143493652,
    0.8795835375785828,
    0.4802302122116089,
    0.32964491844177246,
    0.2624301016330719,
    0.23062853515148163,
    0.20819148421287537,
    0.19491250813007355,
    0.1797541379928589,
    0.17028795182704926,
    0.16727231442928314,
    0.1667177975177765,
    0.14920583367347717,
    0.15017978847026825,
    0.14069846272468567,
    0.1427735686302185,
    0.14557993412017822,
    0.13365916907787323,
    0.1309550255537033,
    0.12872537970542908,
    0.12740971148014069,
    0.12653091549873352,
    0.1286616176366806,
    0.12745250761508942,
    0.11988969892263412,
    0.11568818241357803,
    0.11333127319812775,
    0.115573450922966,
    0.12027017772197723,
    0.1119920164346695
  ],
  "val_top5_accuracy": [
    0.9601139426231384,
    0.9886040091514587,
    0.9886040091514587,
    0.9914529919624329,
    0.994301974773407,
    0.994301974773407,
    0.9914529919624329,
    0.9914529919624329,
    0.994301974773407,
    0.9914529919624329,
    0.994301974773407,
    0.9914529919624329,
    0.994301974773407,
    0.994301974773407,
    0.9971510171890259,
    0.9971510171890259,
    0.994301974773407,
    0.994301974773407,
    0.994301974773407,
    0.994301974773407,
    0.994301974773407,
    0.994301974773407,
    0.994301974773407,
    0.994301974773407,
    0.994301974773407,
    0.994301974773407,
    0.994301974773407,
    0.994301974773407,
    0.994301974773407,
    0.994301974773407
  ],
  "learning_rate": [
    9.999999747378752e-05,
    9.999999747378752e-05,
    9.999999747378752e-05,
    9.999999747378752e-05,
    9.999999747378752e-05,
    9.999999747378752e-05,
    9.999999747378752e-05,
    9.999999747378752e-05,
    9.999999747378752e-05,
    9.999999747378752e-05,
    9.999999747378752e-05,
    9.999999747378752e-05,
    9.999999747378752e-05,
    9.999999747378752e-05,
    9.999999747378752e-05,
    9.999999747378752e-05,
    9.999999747378752e-05,
    9.999999747378752e-05,
    9.999999747378752e-05,
    9.999999747378752e-05,
    9.999999747378752e-05,
    9.999999747378752e-05,
    9.999999747378752e-05,
    9.999999747378752e-05,
    9.999999747378752e-05,
    9.999999747378752e-05,
    9.999999747378752e-05,
    9.999999747378752e-05,
    9.999999747378752e-05,
    9.999999747378752e-05
  ]
}