{
  "accuracy": [
    0.5139647126197815,
    0.768539309501648,
    0.8276083469390869,
    0.8690208792686462,
    0.8918138146400452,
    0.9027287364006042,
    0.9104334115982056,
    0.9178169965744019,
    0.9284108877182007,
    0.9329053163528442,
    0.9489566683769226,
    0.9499197602272034,
    0.9553772211074829,
    0.9540930986404419,
    0.9585874676704407,
    0.9579454064369202,
    0.9550561904907227,
    0.9659711122512817,
    0.9589084982872009,
    0.96982342004776,
    0.9717496037483215,
    0.9736757874488831,
    0.974638819694519,
    0.9743177890777588,
    0.972391664981842,
    0.9756019115447998,
    0.9772070646286011,
    0.9810593724250793
  ],
  "loss": [
    1.8132858276367188,
    0.762987494468689,
    0.5443887114524841,
    0.41102954745292664,
    0.32751500606536865,
    0.2932768166065216,
    0.2613297998905182,
    0.24268293380737305,
    0.20698705315589905,
    0.1881772130727768,
    0.16361667215824127,
    0.14976000785827637,
    0.13928942382335663,
    0.1365703046321869,
    0.11803630739450455,
    0.11886462569236755,
    0.11682552099227905,
    0.10101184993982315,
    0.10915173590183258,
    0.08784296363592148,
    0.08219069242477417,
    0.08070001751184464,
    0.07847259193658829,
    0.07809171080589294,
    0.08135657757520676,
    0.06908439844846725,
    0.06545718014240265,
    0.06752963364124298
  ],
  "top5_accuracy": [
    0.7887640595436096,
    0.9556982517242432,
    0.9820224642753601,
    0.9878009557723999,
    0.9958266615867615,
    0.9961476922035217,
    0.9980738162994385,
    0.9971107840538025,
    0.9996789693832397,
    0.9996789693832397,
    0.9993579387664795,
    1.0,
    0.9996789693832397,
    0.9996789693832397,
    0.9996789693832397,
    1.0,
    1.0,
    1.0,
    1.0,
    0.9996789693832397,
    0.9996789693832397,
    1.0,
    1.0,
    0.9996789693832397,
    1.0,
    1.0,
    1.0,
    1.0
  ],
  "val_accuracy": [
    0.8974359035491943,
    0.9088318943977356,
    0.9316239356994629,
    0.934472918510437,
    0.9629629850387573,
    0.9487179517745972,
    0.94017094373703,
    0.9572649598121643,
    0.9544159770011902,
    0.9601139426231384,
    0.9572649598121643,
    0.9601139426231384,
    0.934472918510437,
    0.9601139426231384,
    0.9572649598121643,
    0.9715099930763245,
    0.9658119678497314,
    0.9715099930763245,
    0.9686609506607056,
    0.9715099930763245,
    0.9629629850387573,
    0.9686609506607056,
    0.9743589758872986,
    0.9601139426231384,
    0.9601139426231384,
    0.9572649598121643,
    0.9629629850387573,
    0.9658119678497314
  ],
  "val_loss": [
    0.9621064066886902,
    0.41788771748542786,
    0.24043554067611694,
    0.20386241376399994,
    0.15973517298698425,
    0.15911224484443665,
    0.16422851383686066,
    0.14590519666671753,
    0.14804968237876892,
    0.1469552367925644,
    0.1409577578306198,
    0.140603706240654,
    0.17686747014522552,
    0.13301651179790497,
    0.13240019977092743,
    0.12070884555578232,
    0.12565134465694427,
    0.12212073802947998,
    0.1247391477227211,
    0.11789019405841827,
    0.11946757882833481,
    0.12299526482820511,
    0.11636728793382645,
    0.12018604576587677,
    0.12581384181976318,
    0.12801885604858398,
    0.12294874340295792,
    0.1200002059340477
  ],
  "val_top5_accuracy": [
    0.9857549667358398,
    0.994301974773407,
    0.994301974773407,
    0.994301974773407,
    0.994301974773407,
    0.994301974773407,
    0.9914529919624329,
    0.994301974773407,
    0.9914529919624329,
    0.994301974773407,
    0.994301974773407,
    0.994301974773407,
    0.994301974773407,
    0.994301974773407,
    0.994301974773407,
    0.9914529919624329,
    0.994301974773407,
    0.994301974773407,
    0.9914529919624329,
    0.9914529919624329,
    0.9914529919624329,
    0.994301974773407,
    0.994301974773407,
    0.9914529919624329,
    0.9914529919624329,
    0.994301974773407,
    0.994301974773407,
    0.9914529919624329
  ],
  "learning_rate": [
    0.0003000000142492354,
    0.0003000000142492354,
    0.0003000000142492354,
    0.0003000000142492354,
    0.0003000000142492354,
    0.0003000000142492354,
    0.0003000000142492354,
    0.0003000000142492354,
    0.0003000000142492354,
    0.0003000000142492354,
    0.0003000000142492354,
    0.0003000000142492354,
    0.0003000000142492354,
    0.0003000000142492354,
    0.0003000000142492354,
    0.0003000000142492354,
    0.0003000000142492354,
    0.0003000000142492354,
    0.0003000000142492354,
    0.0001500000071246177,
    0.0001500000071246177,
    0.0001500000071246177,
    0.0001500000071246177,
    0.0001500000071246177,
    0.0001500000071246177,
    0.0001500000071246177,
    7.500000356230885e-05,
    7.500000356230885e-05
  ]
}