{
  "accuracy": [
    0.45682182908058167,
    0.7621187567710876,
    0.8224719166755676,
    0.8462279438972473,
    0.8764045238494873,
    0.8966292142868042,
    0.9097913503646851,
    0.9171749353408813,
    0.9345104098320007,
    0.9396468997001648,
    0.9431781768798828,
    0.9383627772331238,
    0.9479935765266418,
    0.9428571462631226,
    0.9646869897842407,
    0.9617977738380432,
    0.9627608060836792,
    0.9678972959518433,
    0.961476743221283,
    0.9672552347183228,
    0.9736757874488831
  ],
  "loss": [
    2.0954432487487793,
    0.8254439234733582,
    0.5775089859962463,
    0.46586573123931885,
    0.3735007345676422,
    0.3242519497871399,
    0.2764706015586853,
    0.24864426255226135,
    0.22521357238292694,
    0.20063824951648712,
    0.17353306710720062,
    0.17310026288032532,
    0.15590603649616241,
    0.15858499705791473,
    0.12433355301618576,
    0.12305296957492828,
    0.1163463294506073,
    0.1093469113111496,
    0.10606874525547028,
    0.09578743577003479,
    0.08972583711147308
  ],
  "top5_accuracy": [
    0.7149277925491333,
    0.9534510374069214,
    0.9772070646286011,
    0.9900481700897217,
    0.9919742941856384,
    0.9948635697364807,
    0.9980738162994385,
    0.9983948469161987,
    0.9971107840538025,
    0.9996789693832397,
    0.998715877532959,
    0.9993579387664795,
    1.0,
    0.9996789693832397,
    1.0,
    0.9996789693832397,
    0.9996789693832397,
    1.0,
    1.0,
    1.0,
    1.0
  ],
  "val_accuracy": [
    0.8603988885879517,
    0.9002848863601685,
    0.9202279448509216,
    0.945868968963623,
    0.9287749528884888,
    0.9487179517745972,
    0.9544159770011902,
    0.9487179517745972,
    0.9572649598121643,
    0.9515669345855713,
    0.9544159770011902,
    0.9601139426231384,
    0.9515669345855713,
    0.9544159770011902,
    0.9629629850387573,
    0.9601139426231384,
    0.9515669345855713,
    0.9629629850387573,
    0.9658119678497314,
    0.9629629850387573,
    0.9572649598121643
  ],
  "val_loss": [
    1.4284271001815796,
    0.7978501915931702,
    0.48532944917678833,
    0.3271668255329132,
    0.24308407306671143,
    0.19583433866500854,
    0.16488216817378998,
    0.15190821886062622,
    0.13992781937122345,
    0.13925662636756897,
    0.13258668780326843,
    0.1304989606142044,
    0.12985768914222717,
    0.13023780286312103,
    0.12265735119581223,
    0.11481978744268417,
    0.12751799821853638,
    0.1249074935913086,
    0.11726931482553482,
    0.11632835865020752,
    0.11706938594579697
  ],
  "val_top5_accuracy": [
    0.9886040091514587,
    0.9914529919624329,
    0.9914529919624329,
    0.9914529919624329,
    0.994301974773407,
    0.994301974773407,
    0.994301974773407,
    0.9971510171890259,
    0.994301974773407,
    0.9971510171890259,
    0.9914529919624329,
    0.9914529919624329,
    0.9914529919624329,
    0.994301974773407,
    0.994301974773407,
    0.994301974773407,
    0.9914529919624329,
    0.9914529919624329,
    0.994301974773407,
    0.9914529919624329,
    0.994301974773407
  ],
  "learning_rate": [
    0.0003000000142492354,
    0.0003000000142492354,
    0.0003000000142492354,
    0.0003000000142492354,
    0.0003000000142492354,
    0.0003000000142492354,
    0.0003000000142492354,
    0.0003000000142492354,
    0.0003000000142492354,
    0.0003000000142492354,
    0.0003000000142492354,
    0.0003000000142492354,
    0.0003000000142492354,
    0.0003000000142492354,
    0.0003000000142492354,
    0.0003000000142492354,
    0.0003000000142492354,
    0.0003000000142492354,
    0.0003000000142492354,
    0.0001500000071246177,
    0.0001500000071246177
  ]
}