{
  "accuracy": [
    0.5929374098777771,
    0.8025681972503662,
    0.8497592210769653,
    0.877046525478363,
    0.9052969217300415,
    0.9168539047241211,
    0.9274478554725647,
    0.9322632551193237,
    0.9431781768798828,
    0.9505618214607239,
    0.9434992074966431,
    0.9499197602272034,
    0.9563403129577637,
    0.9560192823410034,
    0.9598715901374817,
    0.9624398350715637,
    0.9701444506645203
  ],
  "loss": [
    1.520397424697876,
    0.6204395294189453,
    0.4676523506641388,
    0.3513783812522888,
    0.2908814549446106,
    0.2557021975517273,
    0.21648859977722168,
    0.19881021976470947,
    0.1688217669725418,
    0.15332256257534027,
    0.15371891856193542,
    0.1410866677761078,
    0.12558674812316895,
    0.12349800765514374,
    0.11547701060771942,
    0.10578067600727081,
    0.08462390303611755
  ],
  "top5_accuracy": [
    0.834991991519928,
    0.9791332483291626,
    0.9874799251556396,
    0.9955056309700012,
    0.996468722820282,
    0.9971107840538025,
    0.9983948469161987,
    0.9993579387664795,
    0.9996789693832397,
    0.9996789693832397,
    1.0,
    1.0,
    0.9996789693832397,
    1.0,
    1.0,
    1.0,
    1.0
  ],
  "val_accuracy": [
    0.8860399127006531,
    0.934472918510437,
    0.934472918510437,
    0.9544159770011902,
    0.934472918510437,
    0.9544159770011902,
    0.9601139426231384,
    0.9544159770011902,
    0.945868968963623,
    0.9544159770011902,
    0.9686609506607056,
    0.9629629850387573,
    0.9686609506607056,
    0.9515669345855713,
    0.9601139426231384,
    0.9629629850387573,
    0.9601139426231384
  ],
  "val_loss": [
    0.49505749344825745,
    0.2284233272075653,
    0.20052570104599,
    0.17581821978092194,
    0.19730427861213684,
    0.16907630860805511,
    0.16032230854034424,
    0.16084088385105133,
    0.18351760506629944,
    0.1520422250032425,
    0.1409175544977188,
    0.1400773674249649,
    0.14509208500385284,
    0.16722485423088074,
    0.14232195913791656,
    0.14682123064994812,
    0.14088834822177887
  ],
  "val_top5_accuracy": [
    0.9886040091514587,
    0.994301974773407,
    0.9914529919624329,
    0.9914529919624329,
    0.9857549667358398,
    0.9886040091514587,
    0.9886040091514587,
    0.9914529919624329,
    0.9886040091514587,
    0.9886040091514587,
    0.994301974773407,
    0.994301974773407,
    0.9886040091514587,
    0.9886040091514587,
    0.9914529919624329,
    0.9886040091514587,
    0.994301974773407
  ],
  "learning_rate": [
    0.0003000000142492354,
    0.0003000000142492354,
    0.0003000000142492354,
    0.0003000000142492354,
    0.0003000000142492354,
    0.0003000000142492354,
    0.0003000000142492354,
    0.0003000000142492354,
    0.0003000000142492354,
    0.0003000000142492354,
    0.0003000000142492354,
    0.0003000000142492354,
    0.0003000000142492354,
    0.0003000000142492354,
    0.0003000000142492354,
    0.0001500000071246177,
    0.0001500000071246177
  ]
}