{
  "accuracy": [
    0.4908507168292999,
    0.7264847755432129,
    0.7804173231124878,
    0.8154093027114868,
    0.8382022380828857,
    0.8584269881248474,
    0.873515248298645,
    0.876083493232727,
    0.8937399387359619,
    0.8979133367538452,
    0.9062600135803223,
    0.9091492891311646,
    0.9146067500114441,
    0.9181380271911621,
    0.9261637330055237,
    0.940930962562561,
    0.9380417466163635,
    0.9451043605804443,
    0.940930962562561,
    0.9444622993469238,
    0.9473515152931213,
    0.9447833299636841,
    0.9438202381134033,
    0.9518458843231201,
    0.9556982517242432,
    0.9518458843231201,
    0.9547351598739624,
    0.9566613435745239,
    0.9537720680236816,
    0.9585874676704407
  ],
  "loss": [
    1.9513278007507324,
    0.9316818714141846,
    0.6891502737998962,
    0.5802208185195923,
    0.47799625992774963,
    0.41354358196258545,
    0.36848461627960205,
    0.3650142550468445,
    0.3104522228240967,
    0.27586591243743896,
    0.2645038962364197,
    0.25150948762893677,
    0.23510989546775818,
    0.22223027050495148,
    0.19812653958797455,
    0.16443398594856262,
    0.1712389439344406,
    0.15737825632095337,
    0.1654958426952362,
    0.1557285338640213,
    0.1504063904285431,
    0.14387628436088562,
    0.1531587541103363,
    0.1316165179014206,
    0.12839314341545105,
    0.131233811378479,
    0.13281558454036713,
    0.12871386110782623,
    0.12182772904634476,
    0.12128721922636032
  ],
  "top5_accuracy": [
    0.7678972482681274,
    0.9467094540596008,
    0.9691813588142395,
    0.9781701564788818,
    0.9874799251556396,
    0.9913322925567627,
    0.9916532635688782,
    0.9942215085029602,
    0.9945425391197205,
    0.9971107840538025,
    0.9958266615867615,
    0.998715877532959,
    0.9971107840538025,
    0.998715877532959,
    0.9990369081497192,
    0.998715877532959,
    0.9993579387664795,
    0.9990369081497192,
    0.9980738162994385,
    0.9996789693832397,
    0.9993579387664795,
    0.9993579387664795,
    0.998715877532959,
    0.9996789693832397,
    1.0,
    1.0,
    1.0,
    0.9993579387664795,
    0.9993579387664795,
    0.9996789693832397
  ],
  "val_accuracy": [
    0.9031339287757874,
    0.9173789024353027,
    0.9287749528884888,
    0.9487179517745972,
    0.934472918510437,
    0.9629629850387573,
    0.945868968963623,
    0.9572649598121643,
    0.9572649598121643,
    0.9515669345855713,
    0.945868968963623,
    0.9572649598121643,
    0.9572649598121643,
    0.9430199265480042,
    0.9544159770011902,
    0.9572649598121643,
    0.9629629850387573,
    0.9686609506607056,
    0.9601139426231384,
    0.9658119678497314,
    0.9658119678497314,
    0.9715099930763245,
    0.9658119678497314,
    0.9658119678497314,
    0.9715099930763245,
    0.9601139426231384,
    0.9544159770011902,
    0.9686609506607056,
    0.9686609506607056,
    0.9715099930763245
  ],
  "val_loss": [
    0.5412047505378723,
    0.2642946243286133,
    0.20891283452510834,
    0.18025508522987366,
    0.18629199266433716,
    0.15493722259998322,
    0.17689773440361023,
    0.15255960822105408,
    0.15309485793113708,
    0.1667933464050293,
    0.14508569240570068,
    0.14119002223014832,
    0.14955362677574158,
    0.16507752239704132,
    0.15723325312137604,
    0.1473700851202011,
    0.13197320699691772,
    0.13105329871177673,
    0.14465925097465515,
    0.13417679071426392,
    0.1306612491607666,
    0.13531053066253662,
    0.13550525903701782,
    0.12768584489822388,
    0.11675575375556946,
    0.11109192669391632,
    0.11803988367319107,
    0.1057576909661293,
    0.10641533881425858,
    0.0970597192645073
  ],
  "val_top5_accuracy": [
    0.9886040091514587,
    0.994301974773407,
    0.994301974773407,
    0.994301974773407,
    0.994301974773407,
    0.994301974773407,
    0.994301974773407,
    0.994301974773407,
    0.994301974773407,
    0.9914529919624329,
    0.994301974773407,
    0.9914529919624329,
    0.994301974773407,
    0.994301974773407,
    0.994301974773407,
    0.994301974773407,
    0.994301974773407,
    0.994301974773407,
    0.9914529919624329,
    0.9914529919624329,
    0.9914529919624329,
    0.9914529919624329,
    0.9914529919624329,
    0.9914529919624329,
    0.9914529919624329,
    0.994301974773407,
    0.9914529919624329,
    0.994301974773407,
    0.994301974773407,
    0.9971510171890259
  ],
  "learning_rate": [
    0.0003000000142492354,
    0.0003000000142492354,
    0.0003000000142492354,
    0.0003000000142492354,
    0.0003000000142492354,
    0.0003000000142492354,
    0.0003000000142492354,
    0.0003000000142492354,
    0.0003000000142492354,
    0.0003000000142492354,
    0.0003000000142492354,
    0.0003000000142492354,
    0.0003000000142492354,
    0.0003000000142492354,
    0.0003000000142492354,
    0.0001500000071246177,
    0.0001500000071246177,
    0.0001500000071246177,
    0.0001500000071246177,
    0.0001500000071246177,
    0.0001500000071246177,
    0.0001500000071246177,
    0.0001500000071246177,
    0.0001500000071246177,
    0.0001500000071246177,
    0.0001500000071246177,
    0.0001500000071246177,
    0.0001500000071246177,
    0.0001500000071246177,
    0.0001500000071246177
  ]
}