{
  "accuracy": [
    0.5264847278594971,
    0.7868378758430481,
    0.8362760543823242,
    0.8690208792686462,
    0.8808988928794861,
    0.904975950717926,
    0.9184590578079224,
    0.9219903945922852,
    0.9319422245025635,
    0.937399685382843,
    0.9457463622093201,
    0.9438202381134033,
    0.9579454064369202,
    0.9656500816345215,
    0.9611557126045227,
    0.9621188044548035,
    0.9659711122512817,
    0.9634028673171997,
    0.9695023894309998,
    0.9707865118980408,
    0.971107542514801,
    0.9701444506645203,
    0.9704654812812805,
    0.9759229421615601,
    0.9784911870956421,
    0.9717496037483215,
    0.9752808809280396,
    0.9752808809280396,
    0.9765650033950806,
    0.9784911870956421
  ],
  "loss": [
    1.8269681930541992,
    0.7223693132400513,
    0.5210980772972107,
    0.41522854566574097,
    0.3526379466056824,
    0.2965155839920044,
    0.2550541162490845,
    0.23141270875930786,
    0.207022026181221,
    0.18348050117492676,
    0.15880186855793,
    0.1559445858001709,
    0.12732887268066406,
    0.11361497640609741,
    0.11267876625061035,
    0.11207800358533859,
    0.10401564091444016,
    0.10678265988826752,
    0.09350542724132538,
    0.09115380048751831,
    0.0900331512093544,
    0.08933670818805695,
    0.08703126013278961,
    0.08632141351699829,
    0.08090443909168243,
    0.08811295032501221,
    0.07980947196483612,
    0.07626978307962418,
    0.0801655575633049,
    0.07107704877853394
  ],
  "top5_accuracy": [
    0.7804173231124878,
    0.965008020401001,
    0.9807383418083191,
    0.9919742941856384,
    0.9948635697364807,
    0.9971107840538025,
    0.9977527856826782,
    0.9983948469161987,
    0.998715877532959,
    1.0,
    0.9993579387664795,
    0.9990369081497192,
    1.0,
    1.0,
    0.9996789693832397,
    1.0,
    1.0,
    0.9996789693832397,
    1.0,
    0.9996789693832397,
    1.0,
    1.0,
    1.0,
    1.0,
    1.0,
    0.9996789693832397,
    0.9993579387664795,
    0.9996789693832397,
    1.0,
    1.0
  ],
  "val_accuracy": [
    0.8717948794364929,
    0.9059829115867615,
    0.9259259104728699,
    0.934472918510437,
    0.945868968963623,
    0.9601139426231384,
    0.9373219609260559,
    0.94017094373703,
    0.9544159770011902,
    0.9572649598121643,
    0.9629629850387573,
    0.9572649598121643,
    0.9629629850387573,
    0.9601139426231384,
    0.9658119678497314,
    0.9658119678497314,
    0.9572649598121643,
    0.9629629850387573,
    0.9601139426231384,
    0.9686609506607056,
    0.9629629850387573,
    0.9658119678497314,
    0.9629629850387573,
    0.9658119678497314,
    0.9658119678497314,
    0.9629629850387573,
    0.9629629850387573,
    0.9629629850387573,
    0.9629629850387573,
    0.9629629850387573
  ],
  "val_loss": [
    0.9762728810310364,
    0.4077664911746979,
    0.23903538286685944,
    0.20024941861629486,
    0.18479982018470764,
    0.16164478659629822,
    0.16666506230831146,
    0.1779109537601471,
    0.12499424815177917,
    0.13153591752052307,
    0.12863343954086304,
    0.1389927715063095,
    0.11916102468967438,
    0.11991410702466965,
    0.1152789369225502,
    0.11150603741407394,
    0.11650632321834564,
    0.1129724532365799,
    0.11520757526159286,
    0.10435407608747482,
    0.1070936769247055,
    0.11000256985425949,
    0.11113286018371582,
    0.10370566695928574,
    0.10487047582864761,
    0.10710999369621277,
    0.10665801167488098,
    0.10315962135791779,
    0.10282450169324875,
    0.10318848490715027
  ],
  "val_top5_accuracy": [
    0.9829059839248657,
    0.9914529919624329,
    0.9886040091514587,
    0.9886040091514587,
    0.9914529919624329,
    0.994301974773407,
    0.9971510171890259,
    0.9971510171890259,
    0.9971510171890259,
    0.994301974773407,
    0.994301974773407,
    0.9971510171890259,
    1.0,
    1.0,
    1.0,
    0.9971510171890259,
    0.9971510171890259,
    1.0,
    0.9971510171890259,
    0.9971510171890259,
    0.9971510171890259,
    0.9971510171890259,
    0.9971510171890259,
    0.9971510171890259,
    0.9971510171890259,
    0.9971510171890259,
    0.9971510171890259,
    0.9971510171890259,
    0.9971510171890259,
    0.9971510171890259
  ],
  "learning_rate": [
    0.0003000000142492354,
    0.0003000000142492354,
    0.0003000000142492354,
    0.0003000000142492354,
    0.0003000000142492354,
    0.0003000000142492354,
    0.0003000000142492354,
    0.0003000000142492354,
    0.0003000000142492354,
    0.0003000000142492354,
    0.0003000000142492354,
    0.0003000000142492354,
    0.0001500000071246177,
    0.0001500000071246177,
    0.0001500000071246177,
    0.0001500000071246177,
    0.0001500000071246177,
    0.0001500000071246177,
    0.0001500000071246177,
    7.500000356230885e-05,
    7.500000356230885e-05,
    7.500000356230885e-05,
    7.500000356230885e-05,
    3.7500001781154424e-05,
    3.7500001781154424e-05,
    3.7500001781154424e-05,
    3.7500001781154424e-05,
    1.8750000890577212e-05,
    1.8750000890577212e-05,
    1.8750000890577212e-05
  ]
}